,Amount,Bet,Probability,Predication,Toss,Result,Heads,Tails,0,Number,Amount,Bet,Probability,Predication,Toss,Result,Heads,Tails,0,Number,Amount,Bet,Probability,Predication,Toss,Result,Heads,Tails,0,Number,Amount,Bet,Probability,Predication,Toss,Result,Heads,Tails,0,Number,Amount,Bet,Probability,Predication,Toss,Result,Heads,Tails,0,Number,Amount,Bet,Probability,Predication,Toss,Result,Heads,Tails,0,Number,Amount,Bet,Probability,Predication,Toss,Result,Heads,Tails,0,Number,Amount,Bet,Probability,Predication,Toss,Result,Heads,Tails,0,Number,Amount,Bet,Probability,Predication,Toss,Result,Heads,Tails,0,Number,Amount,Bet,Probability,Predication,Toss,Result,Heads,Tails,0
0,10000,5000.0,1.0,T,H,Lose,1,0,,0,10000,5000.0,0.0,T,T,Win,0,1,,0,10000,5000.0,0.0,T,T,Win,0,1,,0,10000,5000.0,0.0,T,T,Win,0,1,,0,10000,5000.0,1.0,T,H,Lose,1,0,,0,10000,5000.0,0.0,T,T,Win,0,1,,0,10000,5000.0,0.0,T,T,Win,0,1,,0,10000,5000.0,1.0,T,H,Lose,1,0,,0,10000,5000.0,1.0,T,H,Lose,1,0,,0,10000,5000.0,0.0,T,T,Win,0,1,
1,5000.0,2500.0,0.5,H,T,Lose,1,1,,1,15000.0,7500.0,0.5,H,H,Win,1,1,,1,15000.0,7500.0,0.5,H,H,Win,1,1,,1,15000.0,7500.0,0.0,H,T,Lose,0,2,,1,5000.0,2500.0,0.5,H,T,Lose,1,1,,1,15000.0,7500.0,0.5,H,H,Win,1,1,,1,15000.0,7500.0,0.0,H,T,Lose,0,2,,1,5000.0,2500.0,0.5,H,T,Lose,1,1,,1,5000.0,2500.0,1.0,H,H,Win,2,0,,1,15000.0,7500.0,0.0,H,T,Lose,0,2,
2,2500.0,1250.0,0.3,H,T,Lose,1,2,,2,22500.0,11250.0,0.7,H,H,Win,2,1,,2,22500.0,11250.0,0.3,H,T,Lose,1,2,,2,7500.0,3750.0,0.3,H,H,Win,1,2,,2,2500.0,1250.0,0.7,H,H,Win,2,1,,2,22500.0,11250.0,0.3,H,T,Lose,1,2,,2,7500.0,3750.0,0.3,H,H,Win,1,2,,2,2500.0,1250.0,0.7,H,H,Win,2,1,,2,7500.0,3750.0,0.7,T,T,Win,2,1,,2,7500.0,3750.0,0.0,H,T,Lose,0,3,
3,1250.0,625.0,0.5,H,H,Win,2,2,,3,33750.0,16875.0,0.5,H,T,Lose,2,2,,3,11250.0,5625.0,0.5,H,H,Win,2,2,,3,11250.0,5625.0,0.5,H,H,Win,2,2,,3,3750.0,1875.0,0.5,H,T,Lose,2,2,,3,11250.0,5625.0,0.5,H,H,Win,2,2,,3,11250.0,5625.0,0.2,H,T,Lose,1,3,,3,3750.0,1875.0,0.8,H,H,Win,3,1,,3,11250.0,5625.0,0.5,H,T,Lose,2,2,,3,3750.0,1875.0,0.2,H,H,Win,1,3,
4,1875.0,937.5,0.6,H,H,Win,3,2,,4,16875.0,8437.5,0.4,H,T,Lose,2,3,,4,16875.0,8437.5,0.6,H,H,Win,3,2,,4,16875.0,8437.5,0.4,H,T,Lose,2,3,,4,1875.0,937.5,0.4,H,T,Lose,2,3,,4,16875.0,8437.5,0.6,H,H,Win,3,2,,4,5625.0,2812.5,0.4,H,H,Win,2,3,,4,5625.0,2812.5,0.8,T,H,Lose,4,1,,4,5625.0,2812.5,0.6,H,H,Win,3,2,,4,5625.0,2812.5,0.2,H,T,Lose,1,4,
5,2812.5,1406.25,0.5,H,T,Lose,3,3,,5,8437.5,4218.75,0.3,H,T,Lose,2,4,,5,25312.5,12656.25,0.7,H,H,Win,4,2,,5,8437.5,4218.75,0.5,H,H,Win,3,3,,5,937.5,468.75,0.5,H,H,Win,3,3,,5,25312.5,12656.25,0.7,H,H,Win,4,2,,5,8437.5,4218.75,0.3,H,T,Lose,2,4,,5,2812.5,1406.25,0.8,T,H,Lose,5,1,,5,8437.5,4218.75,0.7,H,H,Win,4,2,,5,2812.5,1406.25,0.2,H,T,Lose,1,5,
6,1406.25,703.125,0.6,H,H,Win,4,3,,6,4218.75,2109.375,0.3,H,T,Lose,2,5,,6,37968.75,18984.375,0.6,T,T,Win,4,3,,6,12656.25,6328.125,0.4,H,T,Lose,3,4,,6,1406.25,703.125,0.4,H,T,Lose,3,4,,6,37968.75,18984.375,0.6,T,T,Win,4,3,,6,4218.75,2109.375,0.3,H,T,Lose,2,5,,6,1406.25,703.125,0.9,T,H,Lose,6,1,,6,12656.25,6328.125,0.7,T,H,Lose,5,2,,6,1406.25,703.125,0.1,H,T,Lose,1,6,
7,2109.375,1054.6875,0.6,H,H,Win,5,3,,7,2109.375,1054.6875,0.4,H,H,Win,3,5,,7,56953.125,28476.5625,0.6,H,H,Win,5,3,,7,6328.125,3164.0625,0.4,H,T,Lose,3,5,,7,703.125,351.5625,0.4,H,T,Lose,3,5,,7,56953.125,28476.5625,0.6,H,H,Win,5,3,,7,2109.375,1054.6875,0.4,H,H,Win,3,5,,7,703.125,351.5625,0.8,T,T,Win,6,2,,7,6328.125,3164.0625,0.6,T,T,Win,5,3,,7,703.125,351.5625,0.2,H,H,Win,2,6,
8,3164.0625,1582.03125,0.7,T,H,Lose,6,3,,8,3164.0625,1582.03125,0.4,H,H,Win,4,5,,8,85429.6875,42714.84375,0.7,T,H,Lose,6,3,,8,3164.0625,1582.03125,0.3,H,T,Lose,3,6,,8,351.5625,175.78125,0.4,H,H,Win,4,5,,8,85429.6875,42714.84375,0.6,T,T,Win,5,4,,8,3164.0625,1582.03125,0.3,H,T,Lose,3,6,,8,1054.6875,527.34375,0.7,T,T,Win,6,3,,8,9492.1875,4746.09375,0.7,T,H,Lose,6,3,,8,1054.6875,527.34375,0.2,H,T,Lose,2,7,
9,1582.03125,791.015625,0.7,T,H,Lose,7,3,,9,4746.09375,2373.046875,0.4,H,T,Lose,4,6,,9,42714.84375,21357.421875,0.6,T,T,Win,6,4,,9,1582.03125,791.015625,0.3,H,T,Lose,3,7,,9,527.34375,263.671875,0.4,H,T,Lose,4,6,,9,128144.53125,64072.265625,0.5,H,T,Lose,5,5,,9,1582.03125,791.015625,0.4,H,H,Win,4,6,,9,1582.03125,791.015625,0.6,T,T,Win,6,4,,9,4746.09375,2373.046875,0.6,T,T,Win,6,4,,9,527.34375,263.671875,0.2,H,T,Lose,2,8,
10,791.015625,395.5078125,0.6,T,T,Win,7,4,,10,2373.046875,1186.5234375,0.5,H,H,Win,5,6,,10,64072.265625,32036.1328125,0.6,H,H,Win,7,4,,10,791.015625,395.5078125,0.3,H,T,Lose,3,8,,10,263.671875,131.8359375,0.5,H,H,Win,5,6,,10,64072.265625,32036.1328125,0.5,H,T,Lose,5,6,,10,2373.046875,1186.5234375,0.4,H,T,Lose,4,7,,10,2373.046875,1186.5234375,0.5,H,T,Lose,6,5,,10,7119.140625,3559.5703125,0.5,H,T,Lose,6,5,,10,263.671875,131.8359375,0.3,H,H,Win,3,8,
11,1186.5234375,593.26171875,0.7,T,H,Lose,8,4,,11,3559.5703125,1779.78515625,0.4,H,T,Lose,5,7,,11,96108.3984375,48054.19921875,0.6,T,T,Win,7,5,,11,395.5078125,197.75390625,0.3,H,H,Win,4,8,,11,395.5078125,197.75390625,0.5,H,H,Win,6,6,,11,32036.1328125,16018.06640625,0.4,H,T,Lose,5,7,,11,1186.5234375,593.26171875,0.4,H,H,Win,5,7,,11,1186.5234375,593.26171875,0.6,H,H,Win,7,5,,11,3559.5703125,1779.78515625,0.5,H,T,Lose,6,6,,11,395.5078125,197.75390625,0.2,H,T,Lose,3,9,
12,593.26171875,296.630859375,0.6,T,T,Win,8,5,,12,1779.78515625,889.892578125,0.5,H,H,Win,6,7,,12,144162.59765625,72081.298828125,0.6,H,H,Win,8,5,,12,593.26171875,296.630859375,0.3,H,T,Lose,4,9,,12,593.26171875,296.630859375,0.5,H,H,Win,7,6,,12,16018.06640625,8009.033203125,0.5,H,H,Win,6,7,,12,1779.78515625,889.892578125,0.5,H,H,Win,6,7,,12,1779.78515625,889.892578125,0.5,H,T,Lose,7,6,,12,1779.78515625,889.892578125,0.5,H,T,Lose,6,7,,12,197.75390625,98.876953125,0.3,H,H,Win,4,9,
13,889.892578125,444.9462890625,0.6,T,T,Win,8,6,,13,2669.677734375,1334.8388671875,0.5,H,H,Win,7,7,,13,216243.896484375,108121.9482421875,0.6,T,H,Lose,9,5,,13,296.630859375,148.3154296875,0.3,H,T,Lose,4,10,,13,889.892578125,444.9462890625,0.6,H,H,Win,8,6,,13,24027.099609375,12013.5498046875,0.5,H,H,Win,7,7,,13,2669.677734375,1334.8388671875,0.4,H,T,Lose,6,8,,13,889.892578125,444.9462890625,0.6,H,H,Win,8,6,,13,889.892578125,444.9462890625,0.4,H,T,Lose,6,8,,13,296.630859375,148.3154296875,0.4,H,H,Win,5,9,
14,1334.8388671875,667.41943359375,0.6,H,H,Win,9,6,,14,4004.5166015625,2002.25830078125,0.5,H,T,Lose,7,8,,14,108121.9482421875,54060.97412109375,0.7,T,H,Lose,10,5,,14,148.3154296875,74.15771484375,0.3,H,T,Lose,4,11,,14,1334.8388671875,667.41943359375,0.5,H,T,Lose,8,7,,14,36040.6494140625,18020.32470703125,0.5,H,H,Win,8,7,,14,1334.8388671875,667.41943359375,0.4,H,T,Lose,6,9,,14,1334.8388671875,667.41943359375,0.6,H,H,Win,9,6,,14,444.9462890625,222.47314453125,0.4,H,T,Lose,6,9,,14,444.9462890625,222.47314453125,0.3,H,T,Lose,5,10,
15,2002.25830078125,1001.129150390625,0.6,T,T,Win,9,7,,15,2002.25830078125,1001.129150390625,0.4,H,T,Lose,7,9,,15,54060.97412109375,27030.487060546875,0.7,T,H,Lose,11,5,,15,74.15771484375,37.078857421875,0.3,H,H,Win,5,11,,15,667.41943359375,333.709716796875,0.5,H,T,Lose,8,8,,15,54060.97412109375,27030.487060546875,0.6,H,H,Win,9,7,,15,667.41943359375,333.709716796875,0.4,H,H,Win,7,9,,15,2002.25830078125,1001.129150390625,0.6,T,T,Win,9,7,,15,222.47314453125,111.236572265625,0.4,H,T,Lose,6,10,,15,222.47314453125,111.236572265625,0.3,H,T,Lose,5,11,
16,3003.387451171875,1501.6937255859375,0.6,H,H,Win,10,7,,16,1001.129150390625,500.5645751953125,0.5,H,H,Win,8,9,,16,27030.487060546875,13515.243530273438,0.7,T,H,Lose,12,5,,16,111.236572265625,55.6182861328125,0.3,H,T,Lose,5,12,,16,333.709716796875,166.8548583984375,0.5,H,H,Win,9,8,,16,81091.46118164062,40545.73059082031,0.5,H,T,Lose,9,8,,16,1001.129150390625,500.5645751953125,0.4,H,T,Lose,7,10,,16,3003.387451171875,1501.6937255859375,0.5,H,T,Lose,9,8,,16,111.236572265625,55.6182861328125,0.4,H,H,Win,7,10,,16,111.236572265625,55.6182861328125,0.4,H,H,Win,6,11,
17,4505.0811767578125,2252.5405883789062,0.6,T,T,Win,10,8,,17,1501.6937255859375,750.8468627929688,0.5,H,H,Win,9,9,,17,13515.243530273438,6757.621765136719,0.7,T,H,Lose,13,5,,17,55.6182861328125,27.80914306640625,0.3,H,H,Win,6,12,,17,500.5645751953125,250.28228759765625,0.6,H,H,Win,10,8,,17,40545.73059082031,20272.865295410156,0.5,H,T,Lose,9,9,,17,500.5645751953125,250.28228759765625,0.4,H,H,Win,8,10,,17,1501.6937255859375,750.8468627929688,0.6,H,H,Win,10,8,,17,166.8548583984375,83.42742919921875,0.4,H,T,Lose,7,11,,17,166.8548583984375,83.42742919921875,0.3,H,T,Lose,6,12,
18,6757.621765136719,3378.8108825683594,0.5,H,T,Lose,10,9,,18,2252.5405883789062,1126.2702941894531,0.5,H,H,Win,10,9,,18,6757.621765136719,3378.8108825683594,0.7,T,H,Lose,14,5,,18,83.42742919921875,41.713714599609375,0.3,H,T,Lose,6,13,,18,750.8468627929688,375.4234313964844,0.6,H,H,Win,11,8,,18,20272.865295410156,10136.432647705078,0.5,H,H,Win,10,9,,18,750.8468627929688,375.4234313964844,0.5,H,H,Win,9,10,,18,2252.5405883789062,1126.2702941894531,0.5,H,T,Lose,10,9,,18,83.42742919921875,41.713714599609375,0.4,H,H,Win,8,11,,18,83.42742919921875,41.713714599609375,0.3,H,T,Lose,6,13,
19,3378.8108825683594,1689.4054412841797,0.5,H,T,Lose,10,10,,19,3378.8108825683594,1689.4054412841797,0.6,H,H,Win,11,9,,19,3378.8108825683594,1689.4054412841797,0.7,T,T,Win,14,6,,19,41.713714599609375,20.856857299804688,0.3,H,H,Win,7,13,,19,1126.2702941894531,563.1351470947266,0.6,T,T,Win,11,9,,19,30409.297943115234,15204.648971557617,0.5,H,T,Lose,10,10,,19,1126.2702941894531,563.1351470947266,0.5,H,T,Lose,9,11,,19,1126.2702941894531,563.1351470947266,0.6,H,H,Win,11,9,,19,125.14114379882812,62.57057189941406,0.5,H,H,Win,9,11,,19,41.713714599609375,20.856857299804688,0.3,H,T,Lose,6,14,
20,1689.4054412841797,844.7027206420898,0.5,H,T,Lose,10,11,,20,5068.216323852539,2534.1081619262695,0.6,H,H,Win,12,9,,20,5068.216323852539,2534.1081619262695,0.7,T,T,Win,14,7,,20,62.57057189941406,31.28528594970703,0.3,H,T,Lose,7,14,,20,1689.4054412841797,844.7027206420898,0.5,H,T,Lose,11,10,,20,15204.648971557617,7602.324485778809,0.5,H,T,Lose,10,11,,20,563.1351470947266,281.5675735473633,0.5,H,H,Win,10,11,,20,1689.4054412841797,844.7027206420898,0.5,H,T,Lose,11,10,,20,187.7117156982422,93.8558578491211,0.4,H,T,Lose,9,12,,20,20.856857299804688,10.428428649902344,0.3,H,T,Lose,6,15,
21,844.7027206420898,422.3513603210449,0.5,H,T,Lose,10,12,,21,7602.324485778809,3801.1622428894043,0.5,H,T,Lose,12,10,,21,7602.324485778809,3801.1622428894043,0.7,T,H,Lose,15,7,,21,31.28528594970703,15.642642974853516,0.3,H,T,Lose,7,15,,21,844.7027206420898,422.3513603210449,0.5,H,T,Lose,11,11,,21,7602.324485778809,3801.1622428894043,0.5,H,T,Lose,10,12,,21,844.7027206420898,422.3513603210449,0.5,H,H,Win,11,11,,21,844.7027206420898,422.3513603210449,0.5,H,T,Lose,11,11,,21,93.8558578491211,46.92792892456055,0.4,H,T,Lose,9,13,,21,10.428428649902344,5.214214324951172,0.3,H,H,Win,7,15,
22,422.3513603210449,211.17568016052246,0.5,H,H,Win,11,12,,22,3801.1622428894043,1900.5811214447021,0.5,H,T,Lose,12,11,,22,3801.1622428894043,1900.5811214447021,0.7,T,T,Win,15,8,,22,15.642642974853516,7.821321487426758,0.3,H,T,Lose,7,16,,22,422.3513603210449,211.17568016052246,0.5,H,H,Win,12,11,,22,3801.1622428894043,1900.5811214447021,0.4,H,T,Lose,10,13,,22,1267.0540809631348,633.5270404815674,0.5,H,T,Lose,11,12,,22,422.3513603210449,211.17568016052246,0.5,H,T,Lose,11,12,,22,46.92792892456055,23.463964462280273,0.4,H,T,Lose,9,14,,22,15.642642974853516,7.821321487426758,0.3,H,H,Win,8,15,
23,633.5270404815674,316.7635202407837,0.5,H,T,Lose,11,13,,23,1900.5811214447021,950.2905607223511,0.5,H,H,Win,13,11,,23,5701.743364334106,2850.871682167053,0.6,T,T,Win,15,9,,23,7.821321487426758,3.910660743713379,0.3,H,T,Lose,7,17,,23,633.5270404815674,316.7635202407837,0.5,H,T,Lose,12,12,,23,1900.5811214447021,950.2905607223511,0.5,H,H,Win,11,13,,23,633.5270404815674,316.7635202407837,0.5,H,T,Lose,11,13,,23,211.17568016052246,105.58784008026123,0.5,H,H,Win,12,12,,23,23.463964462280273,11.731982231140137,0.4,H,T,Lose,9,15,,23,23.463964462280273,11.731982231140137,0.4,H,H,Win,9,15,
24,316.7635202407837,158.38176012039185,0.4,H,T,Lose,11,14,,24,2850.871682167053,1425.4358410835266,0.5,H,T,Lose,13,12,,24,8552.61504650116,4276.30752325058,0.6,T,H,Lose,16,9,,24,3.910660743713379,1.9553303718566895,0.3,H,T,Lose,7,18,,24,316.7635202407837,158.38176012039185,0.5,H,H,Win,13,12,,24,2850.871682167053,1425.4358410835266,0.4,H,T,Lose,11,14,,24,316.7635202407837,158.38176012039185,0.5,H,H,Win,12,13,,24,316.7635202407837,158.38176012039185,0.5,H,T,Lose,12,13,,24,11.731982231140137,5.865991115570068,0.4,H,T,Lose,9,16,,24,35.19594669342041,17.597973346710205,0.4,H,T,Lose,9,16,
25,158.38176012039185,79.19088006019592,0.5,H,H,Win,12,14,,25,1425.4358410835266,712.7179205417633,0.5,H,H,Win,14,12,,25,4276.30752325058,2138.15376162529,0.7,T,H,Lose,17,9,,25,1.9553303718566895,0.9776651859283447,0.3,H,H,Win,8,18,,25,475.14528036117554,237.57264018058777,0.5,H,T,Lose,13,13,,25,1425.4358410835266,712.7179205417633,0.5,H,H,Win,12,14,,25,475.14528036117554,237.57264018058777,0.5,H,T,Lose,12,14,,25,158.38176012039185,79.19088006019592,0.5,H,H,Win,13,13,,25,5.865991115570068,2.932995557785034,0.3,H,T,Lose,9,17,,25,17.597973346710205,8.798986673355103,0.4,H,H,Win,10,16,
26,237.57264018058777,118.78632009029388,0.5,H,H,Win,13,14,,26,2138.15376162529,1069.076880812645,0.6,H,H,Win,15,12,,26,2138.15376162529,1069.076880812645,0.6,T,T,Win,17,10,,26,2.932995557785034,1.466497778892517,0.3,H,T,Lose,8,19,,26,237.57264018058777,118.78632009029388,0.5,H,T,Lose,13,14,,26,2138.15376162529,1069.076880812645,0.5,H,H,Win,13,14,,26,237.57264018058777,118.78632009029388,0.5,H,H,Win,13,14,,26,237.57264018058777,118.78632009029388,0.5,H,H,Win,14,13,,26,2.932995557785034,1.466497778892517,0.3,H,T,Lose,9,18,,26,26.396960020065308,13.198480010032654,0.4,H,H,Win,11,16,
27,356.35896027088165,178.17948013544083,0.5,H,H,Win,14,14,,27,3207.230642437935,1603.6153212189674,0.5,H,T,Lose,15,13,,27,3207.230642437935,1603.6153212189674,0.6,T,T,Win,17,11,,27,1.466497778892517,0.7332488894462585,0.3,H,T,Lose,8,20,,27,118.78632009029388,59.39316004514694,0.5,H,H,Win,14,14,,27,3207.230642437935,1603.6153212189674,0.5,H,T,Lose,13,15,,27,356.35896027088165,178.17948013544083,0.5,H,T,Lose,13,15,,27,356.35896027088165,178.17948013544083,0.5,H,H,Win,15,13,,27,1.466497778892517,0.7332488894462585,0.3,H,T,Lose,9,19,,27,39.59544003009796,19.79772001504898,0.4,H,T,Lose,11,17,
28,534.5384404063225,267.26922020316124,0.5,H,H,Win,15,14,,28,1603.6153212189674,801.8076606094837,0.6,H,H,Win,16,13,,28,4810.845963656902,2405.422981828451,0.6,T,T,Win,17,12,,28,0.7332488894462585,0.3666244447231293,0.3,H,T,Lose,8,21,,28,178.17948013544083,89.08974006772041,0.5,H,T,Lose,14,15,,28,1603.6153212189674,801.8076606094837,0.5,H,H,Win,14,15,,28,178.17948013544083,89.08974006772041,0.5,H,H,Win,14,15,,28,534.5384404063225,267.26922020316124,0.5,H,T,Lose,15,14,,28,0.7332488894462585,0.3666244447231293,0.3,H,T,Lose,9,20,,28,19.79772001504898,9.89886000752449,0.4,H,H,Win,12,17,
29,801.8076606094837,400.90383030474186,0.5,H,T,Lose,15,15,,29,2405.422981828451,1202.7114909142256,0.6,H,H,Win,17,13,,29,7216.2689454853535,3608.1344727426767,0.6,T,T,Win,17,13,,29,0.3666244447231293,0.18331222236156464,0.3,H,T,Lose,8,22,,29,89.08974006772041,44.54487003386021,0.5,H,H,Win,15,15,,29,2405.422981828451,1202.7114909142256,0.5,H,H,Win,15,15,,29,267.26922020316124,133.63461010158062,0.5,H,H,Win,15,15,,29,267.26922020316124,133.63461010158062,0.5,H,H,Win,16,14,,29,0.3666244447231293,0.18331222236156464,0.3,H,T,Lose,9,21,,29,29.69658002257347,14.848290011286736,0.4,H,T,Lose,12,18,
30,400.90383030474186,200.45191515237093,0.5,H,T,Lose,15,16,,30,3608.1344727426767,1804.0672363713384,0.6,H,H,Win,18,13,,30,10824.40341822803,5412.201709114015,0.6,H,H,Win,18,13,,30,0.18331222236156464,0.09165611118078232,0.3,H,T,Lose,8,23,,30,133.63461010158062,66.81730505079031,0.5,H,H,Win,16,15,,30,3608.1344727426767,1804.0672363713384,0.5,H,H,Win,16,15,,30,400.90383030474186,200.45191515237093,0.5,H,H,Win,16,15,,30,400.90383030474186,200.45191515237093,0.5,H,H,Win,17,14,,30,0.18331222236156464,0.09165611118078232,0.3,H,H,Win,10,21,,30,14.848290011286736,7.424145005643368,0.4,H,T,Lose,12,19,
31,200.45191515237093,100.22595757618546,0.5,H,H,Win,16,16,,31,5412.201709114015,2706.1008545570076,0.6,T,T,Win,18,14,,31,16236.605127342045,8118.302563671023,0.6,T,H,Lose,19,13,,31,0.09165611118078232,0.04582805559039116,0.2,H,T,Lose,8,24,,31,200.45191515237093,100.22595757618546,0.5,H,H,Win,17,15,,31,5412.201709114015,2706.1008545570076,0.5,H,H,Win,17,15,,31,601.3557454571128,300.6778727285564,0.5,H,H,Win,17,15,,31,601.3557454571128,300.6778727285564,0.5,H,T,Lose,17,15,,31,0.27496833354234695,0.13748416677117348,0.3,H,H,Win,11,21,,31,7.424145005643368,3.712072502821684,0.4,H,T,Lose,12,20,
32,300.6778727285564,150.3389363642782,0.5,H,H,Win,17,16,,32,8118.302563671023,4059.1512818355113,0.6,H,H,Win,19,14,,32,8118.302563671023,4059.1512818355113,0.6,T,T,Win,19,14,,32,0.04582805559039116,0.02291402779519558,0.3,H,H,Win,9,24,,32,300.6778727285564,150.3389363642782,0.5,H,T,Lose,17,16,,32,8118.302563671023,4059.1512818355113,0.5,H,T,Lose,17,16,,32,902.0336181856692,451.0168090928346,0.5,H,H,Win,18,15,,32,300.6778727285564,150.3389363642782,0.5,H,T,Lose,17,16,,32,0.41245250031352043,0.20622625015676022,0.4,H,H,Win,12,21,,32,3.712072502821684,1.856036251410842,0.4,H,T,Lose,12,21,
33,451.0168090928346,225.5084045464173,0.5,H,T,Lose,17,17,,33,12177.453845506534,6088.726922753267,0.6,T,T,Win,19,15,,33,12177.453845506534,6088.726922753267,0.6,T,H,Lose,20,14,,33,0.06874208338558674,0.03437104169279337,0.3,H,T,Lose,9,25,,33,150.3389363642782,75.1694681821391,0.5,H,T,Lose,17,17,,33,4059.1512818355113,2029.5756409177557,0.5,H,H,Win,18,16,,33,1353.0504272785038,676.5252136392519,0.5,H,T,Lose,18,16,,33,150.3389363642782,75.1694681821391,0.5,H,T,Lose,17,17,,33,0.6186787504702806,0.3093393752351403,0.4,H,T,Lose,12,22,,33,1.856036251410842,0.928018125705421,0.4,H,T,Lose,12,22,
34,225.5084045464173,112.75420227320865,0.5,H,H,Win,18,17,,34,18266.1807682598,9133.0903841299,0.6,H,H,Win,20,15,,34,6088.726922753267,3044.3634613766335,0.6,T,T,Win,20,15,,34,0.03437104169279337,0.017185520846396685,0.3,H,H,Win,10,25,,34,75.1694681821391,37.58473409106955,0.5,H,H,Win,18,17,,34,6088.726922753267,3044.3634613766335,0.5,H,T,Lose,18,17,,34,676.5252136392519,338.26260681962594,0.5,H,T,Lose,18,17,,34,75.1694681821391,37.58473409106955,0.5,H,T,Lose,17,18,,34,0.3093393752351403,0.15466968761757016,0.3,H,T,Lose,12,23,,34,0.928018125705421,0.4640090628527105,0.3,H,T,Lose,12,23,
35,338.26260681962594,169.13130340981297,0.5,H,H,Win,19,17,,35,27399.2711523897,13699.63557619485,0.6,T,T,Win,20,16,,35,9133.0903841299,4566.54519206495,0.6,T,T,Win,20,16,,35,0.051556562539190054,0.025778281269595027,0.3,H,H,Win,11,25,,35,112.75420227320865,56.377101136604324,0.5,H,H,Win,19,17,,35,3044.3634613766335,1522.1817306883167,0.5,H,H,Win,19,17,,35,338.26260681962594,169.13130340981297,0.5,H,T,Lose,18,18,,35,37.58473409106955,18.792367045534775,0.5,H,T,Lose,17,19,,35,0.15466968761757016,0.07733484380878508,0.3,H,T,Lose,12,24,,35,0.4640090628527105,0.23200453142635524,0.4,H,H,Win,13,23,
36,507.3939102294389,253.69695511471946,0.5,H,T,Lose,19,18,,36,41098.90672858455,20549.453364292276,0.5,H,T,Lose,20,17,,36,13699.63557619485,6849.817788097425,0.5,H,T,Lose,20,17,,36,0.07733484380878508,0.03866742190439254,0.3,H,H,Win,12,25,,36,169.13130340981297,84.56565170490649,0.5,H,T,Lose,19,18,,36,4566.54519206495,2283.272596032475,0.5,H,T,Lose,19,18,,36,169.13130340981297,84.56565170490649,0.5,H,T,Lose,18,19,,36,18.792367045534775,9.396183522767387,0.5,H,H,Win,18,19,,36,0.07733484380878508,0.03866742190439254,0.3,H,T,Lose,12,25,,36,0.6960135942790657,0.34800679713953286,0.4,H,H,Win,14,23,
37,253.69695511471946,126.84847755735973,0.5,H,T,Lose,19,19,,37,20549.453364292276,10274.726682146138,0.6,H,H,Win,21,17,,37,6849.817788097425,3424.9088940487127,0.5,H,T,Lose,20,18,,37,0.11600226571317762,0.05800113285658881,0.3,H,T,Lose,12,26,,37,84.56565170490649,42.28282585245324,0.5,H,T,Lose,19,19,,37,2283.272596032475,1141.6362980162376,0.5,H,H,Win,20,18,,37,84.56565170490649,42.28282585245324,0.5,H,H,Win,19,19,,37,28.188550568302162,14.094275284151081,0.5,H,H,Win,19,19,,37,0.03866742190439254,0.01933371095219627,0.3,H,H,Win,13,25,,37,1.0440203914185986,0.5220101957092993,0.4,H,H,Win,15,23,
38,126.84847755735973,63.424238778679864,0.5,H,T,Lose,19,20,,38,30824.180046438414,15412.090023219207,0.5,H,T,Lose,21,18,,38,3424.9088940487127,1712.4544470243563,0.5,H,H,Win,21,18,,38,0.05800113285658881,0.029000566428294405,0.3,H,T,Lose,12,27,,38,42.28282585245324,21.14141292622662,0.5,H,H,Win,20,19,,38,3424.9088940487127,1712.4544470243563,0.5,H,H,Win,21,18,,38,126.84847755735973,63.424238778679864,0.5,H,T,Lose,19,20,,38,42.28282585245324,21.14141292622662,0.5,H,T,Lose,19,20,,38,0.05800113285658881,0.029000566428294405,0.4,H,H,Win,14,25,,38,1.5660305871278979,0.7830152935639489,0.4,H,H,Win,16,23,
39,63.424238778679864,31.712119389339932,0.5,H,T,Lose,19,21,,39,15412.090023219207,7706.0450116096035,0.6,H,H,Win,22,18,,39,5137.363341073069,2568.6816705365345,0.5,H,T,Lose,21,19,,39,0.029000566428294405,0.014500283214147203,0.3,H,T,Lose,12,28,,39,63.424238778679864,31.712119389339932,0.5,H,T,Lose,20,20,,39,5137.363341073069,2568.6816705365345,0.6,H,H,Win,22,18,,39,63.424238778679864,31.712119389339932,0.5,H,T,Lose,19,21,,39,21.14141292622662,10.57070646311331,0.5,H,T,Lose,19,21,,39,0.08700169928488322,0.04350084964244161,0.3,H,T,Lose,14,26,,39,2.349045880691847,1.1745229403459234,0.4,H,H,Win,17,23,
40,31.712119389339932,15.856059694669966,0.5,H,T,Lose,19,22,,40,23118.13503482881,11559.067517414405,0.6,H,H,Win,23,18,,40,2568.6816705365345,1284.3408352682673,0.5,H,H,Win,22,19,,40,0.014500283214147203,0.007250141607073601,0.3,H,H,Win,13,28,,40,31.712119389339932,15.856059694669966,0.5,H,H,Win,21,20,,40,7706.0450116096035,3853.0225058048018,0.5,H,T,Lose,22,19,,40,31.712119389339932,15.856059694669966,0.5,H,H,Win,20,21,,40,10.57070646311331,5.285353231556655,0.5,H,H,Win,20,21,,40,0.04350084964244161,0.021750424821220804,0.3,H,T,Lose,14,27,,40,3.5235688210377702,1.7617844105188851,0.4,H,T,Lose,17,24,
41,15.856059694669966,7.928029847334983,0.5,H,H,Win,20,22,,41,34677.202552243216,17338.601276121608,0.5,H,T,Lose,23,19,,41,3853.0225058048018,1926.5112529024009,0.5,H,T,Lose,22,20,,41,0.021750424821220804,0.010875212410610402,0.3,H,T,Lose,13,29,,41,47.5681790840099,23.78408954200495,0.5,H,H,Win,22,20,,41,3853.0225058048018,1926.5112529024009,0.5,H,T,Lose,22,20,,41,47.5681790840099,23.78408954200495,0.5,H,H,Win,21,21,,41,15.856059694669966,7.928029847334983,0.5,H,T,Lose,20,22,,41,0.021750424821220804,0.010875212410610402,0.4,H,H,Win,15,27,,41,1.7617844105188851,0.8808922052594426,0.4,H,T,Lose,17,25,
42,23.78408954200495,11.892044771002475,0.5,H,H,Win,21,22,,42,17338.601276121608,8669.300638060804,0.6,H,H,Win,24,19,,42,1926.5112529024009,963.2556264512004,0.5,H,T,Lose,22,21,,42,0.010875212410610402,0.005437606205305201,0.3,H,T,Lose,13,30,,42,71.35226862601485,35.676134313007424,0.5,H,H,Win,23,20,,42,1926.5112529024009,963.2556264512004,0.5,H,T,Lose,22,21,,42,71.35226862601485,35.676134313007424,0.5,H,T,Lose,21,22,,42,7.928029847334983,3.9640149236674915,0.5,H,T,Lose,20,23,,42,0.032625637231831206,0.016312818615915603,0.4,H,H,Win,16,27,,42,0.8808922052594426,0.4404461026297213,0.4,H,T,Lose,17,26,
43,35.676134313007424,17.838067156503712,0.5,H,T,Lose,21,23,,43,26007.90191418241,13003.950957091205,0.5,H,T,Lose,24,20,,43,963.2556264512004,481.6278132256002,0.5,H,H,Win,23,21,,43,0.005437606205305201,0.0027188031026526005,0.3,H,H,Win,14,30,,43,107.02840293902227,53.514201469511136,0.5,H,H,Win,24,20,,43,963.2556264512004,481.6278132256002,0.5,H,T,Lose,22,22,,43,35.676134313007424,17.838067156503712,0.5,H,T,Lose,21,23,,43,3.9640149236674915,1.9820074618337458,0.5,H,T,Lose,20,24,,43,0.04893845584774681,0.024469227923873405,0.4,H,T,Lose,16,28,,43,0.4404461026297213,0.22022305131486064,0.4,H,H,Win,18,26,
44,17.838067156503712,8.919033578251856,0.5,H,H,Win,22,23,,44,13003.950957091205,6501.9754785456025,0.6,H,H,Win,25,20,,44,1444.8834396768007,722.4417198384003,0.5,H,H,Win,24,21,,44,0.008156409307957802,0.004078204653978901,0.3,H,T,Lose,14,31,,44,160.5426044085334,80.2713022042667,0.5,H,T,Lose,24,21,,44,481.6278132256002,240.8139066128001,0.5,H,H,Win,23,22,,44,17.838067156503712,8.919033578251856,0.5,H,T,Lose,21,24,,44,1.9820074618337458,0.9910037309168729,0.5,H,H,Win,21,24,,44,0.024469227923873405,0.012234613961936702,0.4,H,H,Win,17,28,,44,0.6606691539445819,0.33033457697229096,0.4,H,T,Lose,18,27,
45,26.757100734755568,13.378550367377784,0.5,H,H,Win,23,23,,45,19505.926435636808,9752.963217818404,0.5,H,T,Lose,25,21,,45,2167.325159515201,1083.6625797576005,0.5,H,T,Lose,24,22,,45,0.004078204653978901,0.0020391023269894504,0.3,H,H,Win,15,31,,45,80.2713022042667,40.13565110213335,0.5,H,H,Win,25,21,,45,722.4417198384003,361.22085991920017,0.5,H,T,Lose,23,23,,45,8.919033578251856,4.459516789125928,0.5,H,T,Lose,21,25,,45,2.9730111927506186,1.4865055963753093,0.5,H,T,Lose,21,25,,45,0.03670384188581011,0.018351920942905053,0.4,H,T,Lose,17,29,,45,0.33033457697229096,0.16516728848614548,0.4,H,H,Win,19,27,
46,40.13565110213335,20.067825551066676,0.5,H,T,Lose,23,24,,46,9752.963217818404,4876.481608909202,0.5,H,T,Lose,25,22,,46,1083.6625797576005,541.8312898788002,0.5,H,T,Lose,24,23,,46,0.006117306980968351,0.0030586534904841756,0.3,H,T,Lose,15,32,,46,120.40695330640006,60.20347665320003,0.5,H,T,Lose,25,22,,46,361.22085991920017,180.61042995960008,0.5,H,H,Win,24,23,,46,4.459516789125928,2.229758394562964,0.4,H,T,Lose,21,26,,46,1.4865055963753093,0.7432527981876547,0.5,H,H,Win,22,25,,46,0.018351920942905053,0.009175960471452527,0.4,H,T,Lose,17,30,,46,0.49550186545843644,0.24775093272921822,0.4,H,H,Win,20,27,
47,20.067825551066676,10.033912775533338,0.5,H,H,Win,24,24,,47,4876.481608909202,2438.240804454601,0.5,H,T,Lose,25,23,,47,541.8312898788002,270.9156449394001,0.5,H,H,Win,25,23,,47,0.0030586534904841756,0.0015293267452420878,0.3,H,T,Lose,15,33,,47,60.20347665320003,30.101738326600014,0.5,H,H,Win,26,22,,47,541.8312898788002,270.9156449394001,0.5,H,T,Lose,24,24,,47,2.229758394562964,1.114879197281482,0.4,H,T,Lose,21,27,,47,2.229758394562964,1.114879197281482,0.5,H,T,Lose,22,26,,47,0.009175960471452527,0.004587980235726263,0.4,H,H,Win,18,30,,47,0.7432527981876547,0.37162639909382733,0.4,H,T,Lose,20,28,
48,30.101738326600014,15.050869163300007,0.5,H,H,Win,25,24,,48,2438.240804454601,1219.1204022273005,0.5,H,H,Win,26,23,,48,812.7469348182003,406.37346740910016,0.5,H,H,Win,26,23,,48,0.0015293267452420878,0.0007646633726210439,0.3,H,H,Win,16,33,,48,90.30521497980004,45.15260748990002,0.6,H,H,Win,27,22,,48,270.9156449394001,135.45782246970006,0.5,H,T,Lose,24,25,,48,1.114879197281482,0.557439598640741,0.4,H,H,Win,22,27,,48,1.114879197281482,0.557439598640741,0.4,H,T,Lose,22,27,,48,0.01376394070717879,0.006881970353589395,0.4,H,H,Win,19,30,,48,0.37162639909382733,0.18581319954691367,0.4,H,H,Win,21,28,
49,45.15260748990002,22.57630374495001,0.5,H,T,Lose,25,25,,49,3657.3612066819014,1828.6806033409507,0.5,H,T,Lose,26,24,,49,1219.1204022273005,609.5602011136502,0.5,H,T,Lose,26,24,,49,0.0022939901178631317,0.0011469950589315658,0.3,H,T,Lose,16,34,,49,135.45782246970006,67.72891123485003,0.5,H,T,Lose,27,23,,49,135.45782246970006,67.72891123485003,0.5,H,T,Lose,24,26,,49,1.672318795922223,0.8361593979611115,0.5,H,H,Win,23,27,,49,0.557439598640741,0.2787197993203705,0.4,H,T,Lose,22,28,,49,0.020645911060768185,0.010322955530384093,0.4,H,H,Win,20,30,,49,0.557439598640741,0.2787197993203705,0.4,H,T,Lose,21,29,
50,22.57630374495001,11.288151872475005,0.5,H,H,Win,26,25,,50,1828.6806033409507,914.3403016704754,0.5,H,H,Win,27,24,,50,609.5602011136502,304.7801005568251,0.5,H,T,Lose,26,25,,50,0.0011469950589315658,0.0005734975294657829,0.3,H,H,Win,17,34,,50,67.72891123485003,33.864455617425016,0.5,H,T,Lose,27,24,,50,67.72891123485003,33.864455617425016,0.5,H,H,Win,25,26,,50,2.5084781938833345,1.2542390969416672,0.5,H,H,Win,24,27,,50,0.2787197993203705,0.13935989966018525,0.5,H,H,Win,23,28,,50,0.030968866591152278,0.015484433295576139,0.4,H,H,Win,21,30,,50,0.2787197993203705,0.13935989966018525,0.4,H,T,Lose,21,30,
51,33.864455617425016,16.932227808712508,0.5,H,T,Lose,26,26,,51,2743.0209050114263,1371.5104525057131,0.5,H,H,Win,28,24,,51,304.7801005568251,152.39005027841256,0.5,H,T,Lose,26,26,,51,0.0017204925883973488,0.0008602462941986744,0.3,H,H,Win,18,34,,51,33.864455617425016,16.932227808712508,0.5,H,T,Lose,27,25,,51,101.59336685227504,50.79668342613752,0.5,H,T,Lose,25,27,,51,3.7627172908250017,1.8813586454125009,0.5,H,T,Lose,24,28,,51,0.41807969898055575,0.20903984949027787,0.5,H,H,Win,24,28,,51,0.046453299886728416,0.023226649943364208,0.4,H,H,Win,22,30,,51,0.13935989966018525,0.06967994983009262,0.4,H,H,Win,22,30,
52,16.932227808712508,8.466113904356254,0.5,H,T,Lose,26,27,,52,4114.531357517139,2057.2656787585697,0.5,H,T,Lose,28,25,,52,152.39005027841256,76.19502513920628,0.5,H,T,Lose,26,27,,52,0.002580738882596023,0.0012903694412980116,0.4,H,H,Win,19,34,,52,16.932227808712508,8.466113904356254,0.5,H,T,Lose,27,26,,52,50.79668342613752,25.39834171306876,0.5,H,T,Lose,25,28,,52,1.8813586454125009,0.9406793227062504,0.5,H,H,Win,25,28,,52,0.6271195484708336,0.3135597742354168,0.5,H,T,Lose,24,29,,52,0.06967994983009262,0.03483997491504631,0.4,H,T,Lose,22,31,,52,0.20903984949027787,0.10451992474513894,0.4,H,T,Lose,22,31,
53,8.466113904356254,4.233056952178127,0.5,H,T,Lose,26,28,,53,2057.2656787585697,1028.6328393792849,0.5,H,T,Lose,28,26,,53,76.19502513920628,38.09751256960314,0.5,H,T,Lose,26,28,,53,0.0038711083238940347,0.0019355541619470173,0.4,H,T,Lose,19,35,,53,8.466113904356254,4.233056952178127,0.5,H,H,Win,28,26,,53,25.39834171306876,12.69917085653438,0.5,H,T,Lose,25,29,,53,2.8220379681187513,1.4110189840593756,0.5,H,T,Lose,25,29,,53,0.3135597742354168,0.1567798871177084,0.4,H,T,Lose,24,30,,53,0.03483997491504631,0.017419987457523156,0.4,H,T,Lose,22,32,,53,0.10451992474513894,0.05225996237256947,0.4,H,H,Win,23,31,
54,4.233056952178127,2.1165284760890635,0.5,H,T,Lose,26,29,,54,1028.6328393792849,514.3164196896424,0.5,H,H,Win,29,26,,54,38.09751256960314,19.04875628480157,0.5,H,H,Win,27,28,,54,0.0019355541619470173,0.0009677770809735087,0.4,H,H,Win,20,35,,54,12.69917085653438,6.34958542826719,0.5,H,T,Lose,28,27,,54,12.69917085653438,6.34958542826719,0.5,H,T,Lose,25,30,,54,1.4110189840593756,0.7055094920296878,0.5,H,T,Lose,25,30,,54,0.1567798871177084,0.0783899435588542,0.5,H,H,Win,25,30,,54,0.017419987457523156,0.008709993728761578,0.4,H,H,Win,23,32,,54,0.1567798871177084,0.0783899435588542,0.4,H,T,Lose,23,32,
55,2.1165284760890635,1.0582642380445317,0.5,H,T,Lose,26,30,,55,1542.9492590689274,771.4746295344637,0.5,H,T,Lose,29,27,,55,57.14626885440471,28.573134427202355,0.5,H,T,Lose,27,29,,55,0.002903331242920526,0.001451665621460263,0.4,H,H,Win,21,35,,55,6.34958542826719,3.174792714133595,0.5,H,T,Lose,28,28,,55,6.34958542826719,3.174792714133595,0.4,H,T,Lose,25,31,,55,0.7055094920296878,0.3527547460148439,0.4,H,T,Lose,25,31,,55,0.2351698306765626,0.1175849153382813,0.4,H,T,Lose,25,31,,55,0.026129981186284734,0.013064990593142367,0.4,H,H,Win,24,32,,55,0.0783899435588542,0.0391949717794271,0.4,H,T,Lose,23,33,
56,1.0582642380445317,0.5291321190222659,0.5,H,T,Lose,26,31,,56,771.4746295344637,385.73731476723185,0.5,H,T,Lose,29,28,,56,28.573134427202355,14.286567213601177,0.5,H,T,Lose,27,30,,56,0.004354996864380789,0.0021774984321903945,0.4,H,H,Win,22,35,,56,3.174792714133595,1.5873963570667975,0.5,H,T,Lose,28,29,,56,3.174792714133595,1.5873963570667975,0.5,H,H,Win,26,31,,56,0.3527547460148439,0.17637737300742196,0.5,H,H,Win,26,31,,56,0.1175849153382813,0.05879245766914065,0.4,H,T,Lose,25,32,,56,0.0391949717794271,0.01959748588971355,0.4,H,H,Win,25,32,,56,0.0391949717794271,0.01959748588971355,0.4,H,H,Win,24,33,
57,0.5291321190222659,0.26456605951113293,0.4,H,T,Lose,26,32,,57,385.73731476723185,192.86865738361593,0.5,H,H,Win,30,28,,57,14.286567213601177,7.143283606800589,0.5,H,T,Lose,27,31,,57,0.0065324952965711836,0.0032662476482855918,0.4,H,H,Win,23,35,,57,1.5873963570667975,0.7936981785333987,0.5,H,T,Lose,28,30,,57,4.7621890712003925,2.3810945356001962,0.4,H,T,Lose,26,32,,57,0.5291321190222659,0.26456605951113293,0.5,H,H,Win,27,31,,57,0.05879245766914065,0.029396228834570326,0.4,H,H,Win,26,32,,57,0.05879245766914065,0.029396228834570326,0.4,H,T,Lose,25,33,,57,0.05879245766914065,0.029396228834570326,0.4,H,H,Win,25,33,
58,0.26456605951113293,0.13228302975556647,0.4,H,T,Lose,26,33,,58,578.6059721508477,289.30298607542386,0.5,H,T,Lose,30,29,,58,7.143283606800589,3.5716418034002944,0.5,H,T,Lose,27,32,,58,0.009798742944856775,0.004899371472428388,0.4,H,T,Lose,23,36,,58,0.7936981785333987,0.3968490892666994,0.5,H,H,Win,29,30,,58,2.3810945356001962,1.1905472678000981,0.5,H,H,Win,27,32,,58,0.7936981785333987,0.3968490892666994,0.5,H,H,Win,28,31,,58,0.08818868650371098,0.04409434325185549,0.4,H,T,Lose,26,33,,58,0.029396228834570326,0.014698114417285163,0.4,H,T,Lose,25,34,,58,0.08818868650371098,0.04409434325185549,0.4,H,T,Lose,25,34,
59,0.13228302975556647,0.06614151487778323,0.5,H,H,Win,27,33,,59,289.30298607542386,144.65149303771193,0.5,H,T,Lose,30,30,,59,3.5716418034002944,1.7858209017001472,0.5,H,T,Lose,27,33,,59,0.004899371472428388,0.002449685736214194,0.4,H,T,Lose,23,37,,59,1.1905472678000981,0.5952736339000491,0.5,H,T,Lose,29,31,,59,3.5716418034002944,1.7858209017001472,0.5,H,H,Win,28,32,,59,1.1905472678000981,0.5952736339000491,0.5,H,T,Lose,28,32,,59,0.04409434325185549,0.022047171625927744,0.4,H,T,Lose,26,34,,59,0.014698114417285163,0.0073490572086425815,0.4,H,H,Win,26,34,,59,0.04409434325185549,0.022047171625927744,0.4,H,H,Win,26,34,
60,0.1984245446333497,0.09921227231667484,0.4,H,T,Lose,27,34,,60,144.65149303771193,72.32574651885596,0.5,H,T,Lose,30,31,,60,1.7858209017001472,0.8929104508500736,0.4,H,T,Lose,27,34,,60,0.002449685736214194,0.001224842868107097,0.4,H,H,Win,24,37,,60,0.5952736339000491,0.29763681695002453,0.5,H,H,Win,30,31,,60,5.357462705100442,2.678731352550221,0.5,H,H,Win,29,32,,60,0.5952736339000491,0.29763681695002453,0.5,H,H,Win,29,32,,60,0.022047171625927744,0.011023585812963872,0.4,H,H,Win,27,34,,60,0.022047171625927744,0.011023585812963872,0.4,H,T,Lose,26,35,,60,0.06614151487778323,0.03307075743889162,0.4,H,H,Win,27,34,
61,0.09921227231667484,0.04960613615833742,0.5,H,H,Win,28,34,,61,72.32574651885596,36.16287325942798,0.5,H,T,Lose,30,32,,61,0.8929104508500736,0.4464552254250368,0.4,H,T,Lose,27,35,,61,0.0036745286043212907,0.0018372643021606454,0.4,H,H,Win,25,37,,61,0.8929104508500736,0.4464552254250368,0.5,H,H,Win,31,31,,61,8.036194057650663,4.0180970288253315,0.5,H,H,Win,30,32,,61,0.8929104508500736,0.4464552254250368,0.5,H,H,Win,30,32,,61,0.03307075743889162,0.01653537871944581,0.4,H,T,Lose,27,35,,61,0.011023585812963872,0.005511792906481936,0.4,H,H,Win,27,35,,61,0.09921227231667484,0.04960613615833742,0.5,H,H,Win,28,34,
62,0.14881840847501226,0.07440920423750613,0.5,H,H,Win,29,34,,62,36.16287325942798,18.08143662971399,0.5,H,T,Lose,30,33,,62,0.4464552254250368,0.2232276127125184,0.4,H,T,Lose,27,36,,62,0.005511792906481936,0.002755896453240968,0.4,H,T,Lose,25,38,,62,1.3393656762751105,0.6696828381375552,0.5,H,T,Lose,31,32,,62,12.054291086475995,6.027145543237998,0.5,H,H,Win,31,32,,62,1.3393656762751105,0.6696828381375552,0.5,H,H,Win,31,32,,62,0.01653537871944581,0.008267689359722904,0.4,H,H,Win,28,35,,62,0.01653537871944581,0.008267689359722904,0.4,H,H,Win,28,35,,62,0.14881840847501226,0.07440920423750613,0.4,H,T,Lose,28,35,
63,0.2232276127125184,0.1116138063562592,0.5,H,H,Win,30,34,,63,18.08143662971399,9.040718314856996,0.5,H,T,Lose,30,34,,63,0.2232276127125184,0.1116138063562592,0.4,H,T,Lose,27,37,,63,0.002755896453240968,0.001377948226620484,0.4,H,H,Win,26,38,,63,0.6696828381375552,0.3348414190687776,0.5,H,T,Lose,31,33,,63,18.08143662971399,9.040718314856996,0.5,H,T,Lose,31,33,,63,2.0090485144126657,1.0045242572063329,0.5,H,T,Lose,31,33,,63,0.02480306807916871,0.012401534039584355,0.5,H,H,Win,29,35,,63,0.02480306807916871,0.012401534039584355,0.4,H,T,Lose,28,36,,63,0.07440920423750613,0.037204602118753066,0.5,H,H,Win,29,35,
64,0.3348414190687776,0.1674207095343888,0.5,H,T,Lose,30,35,,64,9.040718314856996,4.520359157428498,0.5,H,T,Lose,30,35,,64,0.1116138063562592,0.0558069031781296,0.4,H,H,Win,28,37,,64,0.004133844679861452,0.002066922339930726,0.4,H,H,Win,27,38,,64,0.3348414190687776,0.1674207095343888,0.5,H,H,Win,32,33,,64,9.040718314856996,4.520359157428498,0.5,H,H,Win,32,33,,64,1.0045242572063329,0.5022621286031664,0.5,H,H,Win,32,33,,64,0.037204602118753066,0.018602301059376533,0.5,H,H,Win,30,35,,64,0.012401534039584355,0.006200767019792178,0.4,H,H,Win,29,36,,64,0.1116138063562592,0.0558069031781296,0.4,H,T,Lose,29,36,
65,0.1674207095343888,0.0837103547671944,0.5,H,H,Win,31,35,,65,4.520359157428498,2.260179578714249,0.5,H,H,Win,31,35,,65,0.1674207095343888,0.0837103547671944,0.4,H,H,Win,29,37,,65,0.006200767019792178,0.003100383509896089,0.4,H,T,Lose,27,39,,65,0.5022621286031664,0.2511310643015832,0.5,H,T,Lose,32,34,,65,13.561077472285493,6.780538736142747,0.5,H,T,Lose,32,34,,65,1.5067863858094994,0.7533931929047497,0.5,H,T,Lose,32,34,,65,0.0558069031781296,0.0279034515890648,0.5,H,H,Win,31,35,,65,0.018602301059376533,0.009301150529688267,0.5,H,H,Win,30,36,,65,0.0558069031781296,0.0279034515890648,0.5,H,H,Win,30,36,
66,0.2511310643015832,0.1255655321507916,0.5,H,T,Lose,31,36,,66,6.780538736142747,3.3902693680713734,0.5,H,T,Lose,31,36,,66,0.2511310643015832,0.1255655321507916,0.4,H,H,Win,30,37,,66,0.003100383509896089,0.0015501917549480444,0.4,H,T,Lose,27,40,,66,0.2511310643015832,0.1255655321507916,0.5,H,H,Win,33,34,,66,6.780538736142747,3.3902693680713734,0.5,H,H,Win,33,34,,66,0.7533931929047497,0.37669659645237485,0.5,H,T,Lose,32,35,,66,0.0837103547671944,0.0418551773835972,0.5,H,H,Win,32,35,,66,0.0279034515890648,0.0139517257945324,0.4,H,T,Lose,30,37,,66,0.0837103547671944,0.0418551773835972,0.5,H,H,Win,31,36,
67,0.1255655321507916,0.0627827660753958,0.5,H,H,Win,32,36,,67,3.3902693680713734,1.6951346840356867,0.5,H,T,Lose,31,37,,67,0.37669659645237485,0.18834829822618743,0.4,H,T,Lose,30,38,,67,0.0015501917549480444,0.0007750958774740222,0.4,H,H,Win,28,40,,67,0.37669659645237485,0.18834829822618743,0.5,H,T,Lose,33,35,,67,10.170808104214121,5.0854040521070605,0.5,H,T,Lose,33,35,,67,0.37669659645237485,0.18834829822618743,0.5,H,T,Lose,32,36,,67,0.1255655321507916,0.0627827660753958,0.5,H,T,Lose,32,36,,67,0.0139517257945324,0.0069758628972662,0.5,H,H,Win,31,37,,67,0.1255655321507916,0.0627827660753958,0.5,H,T,Lose,31,37,
68,0.18834829822618743,0.09417414911309371,0.5,H,T,Lose,32,37,,68,1.6951346840356867,0.8475673420178433,0.5,H,H,Win,32,37,,68,0.18834829822618743,0.09417414911309371,0.4,H,T,Lose,30,39,,68,0.0023252876324220666,0.0011626438162110333,0.4,H,T,Lose,28,41,,68,0.18834829822618743,0.09417414911309371,0.5,H,H,Win,34,35,,68,5.0854040521070605,2.5427020260535302,0.5,H,T,Lose,33,36,,68,0.18834829822618743,0.09417414911309371,0.5,H,H,Win,33,36,,68,0.0627827660753958,0.0313913830376979,0.5,H,H,Win,33,36,,68,0.0209275886917986,0.0104637943458993,0.4,H,T,Lose,31,38,,68,0.0627827660753958,0.0313913830376979,0.5,H,H,Win,32,37,
69,0.09417414911309371,0.04708707455654686,0.5,H,T,Lose,32,38,,69,2.5427020260535302,1.2713510130267651,0.5,H,H,Win,33,37,,69,0.09417414911309371,0.04708707455654686,0.4,H,T,Lose,30,40,,69,0.0011626438162110333,0.0005813219081055167,0.4,H,H,Win,29,41,,69,0.2825224473392811,0.14126122366964056,0.5,H,T,Lose,34,36,,69,2.5427020260535302,1.2713510130267651,0.5,H,H,Win,34,36,,69,0.2825224473392811,0.14126122366964056,0.5,H,T,Lose,33,37,,69,0.09417414911309371,0.04708707455654686,0.5,H,H,Win,34,36,,69,0.0104637943458993,0.00523189717294965,0.4,H,T,Lose,31,39,,69,0.09417414911309371,0.04708707455654686,0.5,H,H,Win,33,37,
70,0.04708707455654686,0.02354353727827343,0.5,H,T,Lose,32,39,,70,3.8140530390802954,1.9070265195401477,0.5,H,H,Win,34,37,,70,0.04708707455654686,0.02354353727827343,0.4,H,H,Win,31,40,,70,0.00174396572431655,0.000871982862158275,0.4,H,H,Win,30,41,,70,0.14126122366964056,0.07063061183482028,0.5,H,H,Win,35,36,,70,3.8140530390802954,1.9070265195401477,0.5,H,H,Win,35,36,,70,0.14126122366964056,0.07063061183482028,0.5,H,T,Lose,33,38,,70,0.14126122366964056,0.07063061183482028,0.5,H,H,Win,35,36,,70,0.00523189717294965,0.002615948586474825,0.5,H,H,Win,32,39,,70,0.14126122366964056,0.07063061183482028,0.5,H,T,Lose,33,38,
71,0.02354353727827343,0.011771768639136714,0.5,H,H,Win,33,39,,71,5.721079558620443,2.8605397793102214,0.5,H,H,Win,35,37,,71,0.07063061183482028,0.03531530591741014,0.4,H,H,Win,32,40,,71,0.002615948586474825,0.0013079742932374126,0.4,H,T,Lose,30,42,,71,0.21189183550446083,0.10594591775223042,0.5,H,T,Lose,35,37,,71,5.721079558620443,2.8605397793102214,0.5,H,T,Lose,35,37,,71,0.07063061183482028,0.03531530591741014,0.5,H,T,Lose,33,39,,71,0.21189183550446083,0.10594591775223042,0.5,H,T,Lose,35,37,,71,0.007847845759424476,0.003923922879712238,0.4,H,T,Lose,32,40,,71,0.07063061183482028,0.03531530591741014,0.5,H,T,Lose,33,39,
72,0.03531530591741014,0.01765765295870507,0.5,H,H,Win,34,39,,72,8.581619337930665,4.290809668965332,0.5,H,H,Win,36,37,,72,0.10594591775223042,0.05297295887611521,0.4,H,T,Lose,32,41,,72,0.0013079742932374126,0.0006539871466187063,0.4,H,T,Lose,30,43,,72,0.10594591775223042,0.05297295887611521,0.5,H,H,Win,36,37,,72,2.8605397793102214,1.4302698896551107,0.5,H,H,Win,36,37,,72,0.03531530591741014,0.01765765295870507,0.5,H,T,Lose,33,40,,72,0.10594591775223042,0.05297295887611521,0.5,H,T,Lose,35,38,,72,0.003923922879712238,0.001961961439856119,0.4,H,T,Lose,32,41,,72,0.03531530591741014,0.01765765295870507,0.5,H,H,Win,34,39,
73,0.05297295887611521,0.026486479438057604,0.5,H,T,Lose,34,40,,73,12.872429006895997,6.4362145034479985,0.5,H,H,Win,37,37,,73,0.05297295887611521,0.026486479438057604,0.4,H,H,Win,33,41,,73,0.0006539871466187063,0.00032699357330935315,0.4,H,T,Lose,30,44,,73,0.15891887662834564,0.07945943831417282,0.5,H,H,Win,37,37,,73,4.290809668965332,2.145404834482666,0.5,H,H,Win,37,37,,73,0.01765765295870507,0.008828826479352535,0.5,H,H,Win,34,40,,73,0.05297295887611521,0.026486479438057604,0.5,H,T,Lose,35,39,,73,0.001961961439856119,0.0009809807199280594,0.4,H,T,Lose,32,42,,73,0.05297295887611521,0.026486479438057604,0.5,H,H,Win,35,39,
74,0.026486479438057604,0.013243239719028802,0.5,H,H,Win,35,40,,74,19.308643510343995,9.654321755171997,0.5,H,H,Win,38,37,,74,0.07945943831417282,0.03972971915708641,0.4,H,T,Lose,33,42,,74,0.00032699357330935315,0.00016349678665467657,0.4,H,T,Lose,30,45,,74,0.23837831494251846,0.11918915747125923,0.5,H,T,Lose,37,38,,74,6.4362145034479985,3.2181072517239993,0.5,H,T,Lose,37,38,,74,0.026486479438057604,0.013243239719028802,0.5,H,T,Lose,34,41,,74,0.026486479438057604,0.013243239719028802,0.5,H,H,Win,36,39,,74,0.0009809807199280594,0.0004904903599640297,0.4,H,H,Win,33,42,,74,0.07945943831417282,0.03972971915708641,0.5,H,H,Win,36,39,
75,0.03972971915708641,0.019864859578543205,0.5,H,T,Lose,35,41,,75,28.96296526551599,14.481482632757995,0.5,H,H,Win,39,37,,75,0.03972971915708641,0.019864859578543205,0.4,H,T,Lose,33,43,,75,0.00016349678665467657,8.174839332733829e-05,0.4,H,H,Win,31,45,,75,0.11918915747125923,0.059594578735629615,0.5,H,T,Lose,37,39,,75,3.2181072517239993,1.6090536258619996,0.5,H,H,Win,38,38,,75,0.013243239719028802,0.006621619859514401,0.4,H,T,Lose,34,42,,75,0.03972971915708641,0.019864859578543205,0.5,H,H,Win,37,39,,75,0.0014714710798920893,0.0007357355399460446,0.4,H,H,Win,34,42,,75,0.11918915747125923,0.059594578735629615,0.5,H,H,Win,37,39,
76,0.019864859578543205,0.009932429789271602,0.5,H,H,Win,36,41,,76,43.444447898273985,21.722223949136993,0.5,H,H,Win,40,37,,76,0.019864859578543205,0.009932429789271602,0.4,H,T,Lose,33,44,,76,0.00024524517998201486,0.00012262258999100743,0.4,H,H,Win,32,45,,76,0.059594578735629615,0.029797289367814807,0.5,H,H,Win,38,39,,76,4.827160877585999,2.4135804387929993,0.5,H,H,Win,39,38,,76,0.006621619859514401,0.0033108099297572005,0.4,H,T,Lose,34,43,,76,0.059594578735629615,0.029797289367814807,0.5,H,T,Lose,37,40,,76,0.0022072066198381337,0.0011036033099190668,0.5,H,H,Win,35,42,,76,0.17878373620688884,0.08939186810344442,0.5,H,T,Lose,37,40,
77,0.029797289367814807,0.014898644683907404,0.5,H,T,Lose,36,42,,77,65.16667184741098,32.58333592370549,0.5,H,T,Lose,40,38,,77,0.009932429789271602,0.004966214894635801,0.4,H,H,Win,34,44,,77,0.0003678677699730223,0.00018393388498651116,0.4,H,T,Lose,32,46,,77,0.08939186810344442,0.04469593405172221,0.5,H,T,Lose,38,40,,77,7.2407413163789975,3.6203706581894988,0.5,H,T,Lose,39,39,,77,0.0033108099297572005,0.0016554049648786003,0.4,H,T,Lose,34,44,,77,0.029797289367814807,0.014898644683907404,0.5,H,H,Win,38,40,,77,0.0033108099297572005,0.0016554049648786003,0.5,H,H,Win,36,42,,77,0.08939186810344442,0.04469593405172221,0.5,H,H,Win,38,40,
78,0.014898644683907404,0.007449322341953702,0.5,H,H,Win,37,42,,78,32.58333592370549,16.291667961852745,0.5,H,T,Lose,40,39,,78,0.014898644683907404,0.007449322341953702,0.4,H,T,Lose,34,45,,78,0.00018393388498651116,9.196694249325558e-05,0.4,H,H,Win,33,46,,78,0.04469593405172221,0.022347967025861105,0.5,H,T,Lose,38,41,,78,3.6203706581894988,1.8101853290947494,0.5,H,H,Win,40,39,,78,0.0016554049648786003,0.0008277024824393001,0.4,H,T,Lose,34,45,,78,0.04469593405172221,0.022347967025861105,0.5,H,H,Win,39,40,,78,0.004966214894635801,0.0024831074473179006,0.5,H,H,Win,37,42,,78,0.13408780215516664,0.06704390107758332,0.5,H,T,Lose,38,41,
79,0.022347967025861105,0.011173983512930552,0.5,H,T,Lose,37,43,,79,16.291667961852745,8.145833980926373,0.5,H,T,Lose,40,40,,79,0.007449322341953702,0.003724661170976851,0.4,H,H,Win,35,45,,79,0.0002759008274797667,0.00013795041373988336,0.4,H,H,Win,34,46,,79,0.022347967025861105,0.011173983512930552,0.5,H,H,Win,39,41,,79,5.430555987284248,2.715277993642124,0.5,H,H,Win,41,39,,79,0.0008277024824393001,0.00041385124121965007,0.4,H,T,Lose,34,46,,79,0.06704390107758332,0.03352195053879166,0.5,H,H,Win,40,40,,79,0.007449322341953702,0.003724661170976851,0.5,H,T,Lose,37,43,,79,0.06704390107758332,0.03352195053879166,0.5,H,H,Win,39,41,
80,0.011173983512930552,0.005586991756465276,0.5,H,T,Lose,37,44,,80,8.145833980926373,4.072916990463186,0.5,H,H,Win,41,40,,80,0.011173983512930552,0.005586991756465276,0.4,H,H,Win,36,45,,80,0.00041385124121965007,0.00020692562060982503,0.4,H,T,Lose,34,47,,80,0.03352195053879166,0.01676097526939583,0.5,H,H,Win,40,41,,80,8.145833980926373,4.072916990463186,0.5,H,H,Win,42,39,,80,0.00041385124121965007,0.00020692562060982503,0.4,H,H,Win,35,46,,80,0.10056585161637498,0.05028292580818749,0.5,H,H,Win,41,40,,80,0.003724661170976851,0.0018623305854884255,0.5,H,T,Lose,37,44,,80,0.10056585161637498,0.05028292580818749,0.5,H,T,Lose,39,42,
81,0.005586991756465276,0.002793495878232638,0.5,H,T,Lose,37,45,,81,12.218750971389559,6.1093754856947795,0.5,H,T,Lose,41,41,,81,0.01676097526939583,0.008380487634697915,0.5,H,H,Win,37,45,,81,0.00020692562060982503,0.00010346281030491252,0.4,H,T,Lose,34,48,,81,0.05028292580818749,0.025141462904093744,0.5,H,T,Lose,40,42,,81,12.218750971389559,6.1093754856947795,0.5,H,H,Win,43,39,,81,0.0006207768618294752,0.0003103884309147376,0.4,H,T,Lose,35,47,,81,0.15084877742456246,0.07542438871228123,0.5,H,T,Lose,41,41,,81,0.0018623305854884255,0.0009311652927442127,0.5,H,H,Win,38,44,,81,0.05028292580818749,0.025141462904093744,0.5,H,T,Lose,39,43,
82,0.002793495878232638,0.001396747939116319,0.5,H,H,Win,38,45,,82,6.1093754856947795,3.0546877428473898,0.5,H,T,Lose,41,42,,82,0.025141462904093744,0.012570731452046872,0.4,H,T,Lose,37,46,,82,0.00010346281030491252,5.173140515245626e-05,0.4,H,H,Win,35,48,,82,0.025141462904093744,0.012570731452046872,0.5,H,T,Lose,40,43,,82,18.328126457084338,9.164063228542169,0.5,H,H,Win,44,39,,82,0.0003103884309147376,0.0001551942154573688,0.4,H,T,Lose,35,48,,82,0.07542438871228123,0.037712194356140614,0.5,H,T,Lose,41,42,,82,0.002793495878232638,0.001396747939116319,0.5,H,H,Win,39,44,,82,0.025141462904093744,0.012570731452046872,0.5,H,H,Win,40,43,
83,0.004190243817348957,0.0020951219086744787,0.5,H,T,Lose,38,46,,83,3.0546877428473898,1.5273438714236949,0.5,H,T,Lose,41,43,,83,0.012570731452046872,0.006285365726023436,0.5,H,H,Win,38,46,,83,0.0001551942154573688,7.75971077286844e-05,0.4,H,T,Lose,35,49,,83,0.012570731452046872,0.006285365726023436,0.5,H,T,Lose,40,44,,83,27.492189685626506,13.746094842813253,0.5,H,T,Lose,44,40,,83,0.0001551942154573688,7.75971077286844e-05,0.4,H,H,Win,36,48,,83,0.037712194356140614,0.018856097178070307,0.5,H,H,Win,42,42,,83,0.004190243817348957,0.0020951219086744787,0.5,H,H,Win,40,44,,83,0.037712194356140614,0.018856097178070307,0.5,H,T,Lose,40,44,
84,0.0020951219086744787,0.0010475609543372393,0.4,H,T,Lose,38,47,,84,1.5273438714236949,0.7636719357118474,0.5,H,H,Win,42,43,,84,0.018856097178070307,0.009428048589035154,0.5,H,H,Win,39,46,,84,7.75971077286844e-05,3.87985538643422e-05,0.4,H,T,Lose,35,50,,84,0.006285365726023436,0.003142682863011718,0.5,H,H,Win,41,44,,84,13.746094842813253,6.873047421406627,0.5,H,T,Lose,44,41,,84,0.00023279132318605318,0.00011639566159302659,0.4,H,H,Win,37,48,,84,0.05656829153421092,0.02828414576710546,0.5,H,T,Lose,42,43,,84,0.006285365726023436,0.003142682863011718,0.5,H,H,Win,41,44,,84,0.018856097178070307,0.009428048589035154,0.5,H,H,Win,41,44,
85,0.0010475609543372393,0.0005237804771686197,0.4,H,T,Lose,38,48,,85,2.291015807135542,1.145507903567771,0.5,H,H,Win,43,43,,85,0.02828414576710546,0.01414207288355273,0.5,H,T,Lose,39,47,,85,3.87985538643422e-05,1.93992769321711e-05,0.4,H,H,Win,36,50,,85,0.009428048589035154,0.004714024294517577,0.5,H,T,Lose,41,45,,85,6.873047421406627,3.4365237107033133,0.5,H,H,Win,45,41,,85,0.00034918698477907976,0.00017459349238953988,0.4,H,H,Win,38,48,,85,0.02828414576710546,0.01414207288355273,0.5,H,T,Lose,42,44,,85,0.009428048589035154,0.004714024294517577,0.5,H,T,Lose,41,45,,85,0.02828414576710546,0.01414207288355273,0.5,H,H,Win,42,44,
86,0.0005237804771686197,0.00026189023858430983,0.4,H,T,Lose,38,49,,86,3.4365237107033133,1.7182618553516567,0.5,H,H,Win,44,43,,86,0.01414207288355273,0.007071036441776365,0.4,H,T,Lose,39,48,,86,5.8197830796513296e-05,2.9098915398256648e-05,0.4,H,T,Lose,36,51,,86,0.004714024294517577,0.0023570121472587884,0.5,H,H,Win,42,45,,86,10.30957113210994,5.15478556605497,0.5,H,H,Win,46,41,,86,0.0005237804771686197,0.00026189023858430983,0.4,H,T,Lose,38,49,,86,0.01414207288355273,0.007071036441776365,0.5,H,H,Win,43,44,,86,0.004714024294517577,0.0023570121472587884,0.5,H,T,Lose,41,46,,86,0.04242621865065819,0.021213109325329094,0.5,H,T,Lose,42,45,
87,0.00026189023858430983,0.00013094511929215492,0.4,H,H,Win,39,49,,87,5.15478556605497,2.577392783027485,0.5,H,H,Win,45,43,,87,0.007071036441776365,0.0035355182208881824,0.4,H,T,Lose,39,49,,87,2.9098915398256648e-05,1.4549457699128324e-05,0.4,H,H,Win,37,51,,87,0.007071036441776365,0.0035355182208881824,0.5,H,H,Win,43,45,,87,15.464356698164911,7.732178349082456,0.5,H,H,Win,47,41,,87,0.00026189023858430983,0.00013094511929215492,0.4,H,H,Win,39,49,,87,0.021213109325329094,0.010606554662664547,0.5,H,T,Lose,43,45,,87,0.0023570121472587884,0.0011785060736293942,0.5,H,T,Lose,41,47,,87,0.021213109325329094,0.010606554662664547,0.5,H,H,Win,43,45,
88,0.00039283535787646475,0.00019641767893823238,0.4,H,T,Lose,39,50,,88,7.732178349082456,3.866089174541228,0.5,H,H,Win,46,43,,88,0.0035355182208881824,0.0017677591104440912,0.4,H,H,Win,40,49,,88,4.364837309738497e-05,2.1824186548692485e-05,0.4,H,H,Win,38,51,,88,0.010606554662664547,0.005303277331332274,0.5,H,H,Win,44,45,,88,23.196535047247366,11.598267523623683,0.5,H,H,Win,48,41,,88,0.00039283535787646475,0.00019641767893823238,0.4,H,T,Lose,39,50,,88,0.010606554662664547,0.005303277331332274,0.5,H,H,Win,44,45,,88,0.0011785060736293942,0.0005892530368146971,0.5,H,H,Win,42,47,,88,0.03181966398799364,0.01590983199399682,0.5,H,H,Win,44,45,
89,0.00019641767893823238,9.820883946911619e-05,0.4,H,H,Win,40,50,,89,11.598267523623683,5.7991337618118415,0.5,H,H,Win,47,43,,89,0.005303277331332274,0.002651638665666137,0.5,H,H,Win,41,49,,89,6.547255964607746e-05,3.273627982303873e-05,0.4,H,H,Win,39,51,,89,0.01590983199399682,0.00795491599699841,0.5,H,H,Win,45,45,,89,34.79480257087105,17.397401285435524,0.5,H,H,Win,49,41,,89,0.00019641767893823238,9.820883946911619e-05,0.4,H,T,Lose,39,51,,89,0.01590983199399682,0.00795491599699841,0.5,H,T,Lose,44,46,,89,0.0017677591104440912,0.0008838795552220456,0.5,H,H,Win,43,47,,89,0.047729495981990465,0.023864747990995232,0.5,H,H,Win,45,45,
90,0.00029462651840734855,0.00014731325920367428,0.5,H,H,Win,41,50,,90,17.397401285435524,8.698700642717762,0.5,H,H,Win,48,43,,90,0.00795491599699841,0.003977457998499205,0.5,H,T,Lose,41,50,,90,9.820883946911619e-05,4.9104419734558094e-05,0.4,H,T,Lose,39,52,,90,0.023864747990995232,0.011932373995497616,0.5,H,T,Lose,45,46,,90,52.19220385630658,26.09610192815329,0.5,H,H,Win,50,41,,90,9.820883946911619e-05,4.9104419734558094e-05,0.4,H,T,Lose,39,52,,90,0.00795491599699841,0.003977457998499205,0.5,H,T,Lose,44,47,,90,0.002651638665666137,0.0013258193328330684,0.5,H,T,Lose,43,48,,90,0.0715942439729857,0.03579712198649285,0.5,H,H,Win,46,45,
91,0.0004419397776110228,0.0002209698888055114,0.4,H,T,Lose,41,51,,91,26.09610192815329,13.048050964076644,0.5,H,H,Win,49,43,,91,0.003977457998499205,0.0019887289992496027,0.4,H,T,Lose,41,51,,91,4.9104419734558094e-05,2.4552209867279047e-05,0.4,H,T,Lose,39,53,,91,0.011932373995497616,0.005966186997748808,0.5,H,T,Lose,45,47,,91,78.28830578445987,39.14415289222993,0.5,H,T,Lose,50,42,,91,4.9104419734558094e-05,2.4552209867279047e-05,0.4,H,H,Win,40,52,,91,0.003977457998499205,0.0019887289992496027,0.5,H,T,Lose,44,48,,91,0.0013258193328330684,0.0006629096664165342,0.5,H,T,Lose,43,49,,91,0.10739136595947854,0.05369568297973927,0.5,H,T,Lose,46,46,
92,0.0002209698888055114,0.0001104849444027557,0.4,H,T,Lose,41,52,,92,39.14415289222993,19.572076446114966,0.5,H,H,Win,50,43,,92,0.0019887289992496027,0.0009943644996248014,0.5,H,H,Win,42,51,,92,2.4552209867279047e-05,1.2276104933639524e-05,0.4,H,T,Lose,39,54,,92,0.005966186997748808,0.002983093498874404,0.5,H,T,Lose,45,48,,92,39.14415289222993,19.572076446114966,0.5,H,T,Lose,50,43,,92,7.365662960183714e-05,3.682831480091857e-05,0.4,H,H,Win,41,52,,92,0.0019887289992496027,0.0009943644996248014,0.5,H,T,Lose,44,49,,92,0.0006629096664165342,0.0003314548332082671,0.5,H,H,Win,44,49,,92,0.05369568297973927,0.026847841489869635,0.5,H,T,Lose,46,47,
93,0.0001104849444027557,5.524247220137785e-05,0.4,H,H,Win,42,52,,93,58.7162293383449,29.35811466917245,0.5,H,T,Lose,50,44,,93,0.002983093498874404,0.001491546749437202,0.5,H,H,Win,43,51,,93,1.2276104933639524e-05,6.138052466819762e-06,0.4,H,H,Win,40,54,,93,0.002983093498874404,0.001491546749437202,0.5,H,T,Lose,45,49,,93,19.572076446114966,9.786038223057483,0.5,H,H,Win,51,43,,93,0.0001104849444027557,5.524247220137785e-05,0.4,H,H,Win,42,52,,93,0.0009943644996248014,0.0004971822498124007,0.5,H,H,Win,45,49,,93,0.0009943644996248014,0.0004971822498124007,0.5,H,H,Win,45,49,,93,0.026847841489869635,0.013423920744934818,0.5,H,H,Win,47,47,
94,0.00016572741660413355,8.286370830206677e-05,0.4,H,T,Lose,42,53,,94,29.35811466917245,14.679057334586226,0.5,H,T,Lose,50,45,,94,0.004474640248311606,0.002237320124155803,0.5,H,H,Win,44,51,,94,1.8414157400459284e-05,9.207078700229642e-06,0.4,H,T,Lose,40,55,,94,0.001491546749437202,0.000745773374718601,0.5,H,T,Lose,45,50,,94,29.35811466917245,14.679057334586226,0.5,H,T,Lose,51,44,,94,0.00016572741660413355,8.286370830206677e-05,0.4,H,T,Lose,42,53,,94,0.001491546749437202,0.000745773374718601,0.5,H,H,Win,46,49,,94,0.001491546749437202,0.000745773374718601,0.5,H,T,Lose,45,50,,94,0.040271762234804456,0.020135881117402228,0.5,H,H,Win,48,47,
95,8.286370830206677e-05,4.143185415103339e-05,0.4,H,H,Win,43,53,,95,14.679057334586226,7.339528667293113,0.5,H,T,Lose,50,46,,95,0.006711960372467409,0.0033559801862337044,0.5,H,T,Lose,44,52,,95,9.207078700229642e-06,4.603539350114821e-06,0.4,H,H,Win,41,55,,95,0.000745773374718601,0.0003728866873593005,0.5,H,H,Win,46,50,,95,14.679057334586226,7.339528667293113,0.5,H,T,Lose,51,45,,95,8.286370830206677e-05,4.143185415103339e-05,0.4,H,H,Win,43,53,,95,0.002237320124155803,0.0011186600620779015,0.5,H,T,Lose,46,50,,95,0.000745773374718601,0.0003728866873593005,0.5,H,H,Win,46,50,,95,0.060407643352206684,0.030203821676103342,0.5,H,H,Win,49,47,
96,0.00012429556245310017,6.214778122655008e-05,0.5,H,H,Win,44,53,,96,7.339528667293113,3.6697643336465564,0.5,H,T,Lose,50,47,,96,0.0033559801862337044,0.0016779900931168522,0.5,H,T,Lose,44,53,,96,1.3810618050344462e-05,6.905309025172231e-06,0.4,H,T,Lose,41,56,,96,0.0011186600620779015,0.0005593300310389507,0.5,H,H,Win,47,50,,96,7.339528667293113,3.6697643336465564,0.5,H,H,Win,52,45,,96,0.00012429556245310017,6.214778122655008e-05,0.5,H,H,Win,44,53,,96,0.0011186600620779015,0.0005593300310389507,0.5,H,H,Win,47,50,,96,0.0011186600620779015,0.0005593300310389507,0.5,H,H,Win,47,50,,96,0.09061146502831002,0.04530573251415501,0.5,H,T,Lose,49,48,
97,0.00018644334367965025,9.322167183982513e-05,0.4,H,T,Lose,44,54,,97,3.6697643336465564,1.8348821668232782,0.5,H,T,Lose,50,48,,97,0.0016779900931168522,0.0008389950465584261,0.4,H,T,Lose,44,54,,97,6.905309025172231e-06,3.4526545125861156e-06,0.4,H,T,Lose,41,57,,97,0.0016779900931168522,0.0008389950465584261,0.5,H,H,Win,48,50,,97,11.00929300093967,5.504646500469835,0.5,H,H,Win,53,45,,97,0.00018644334367965025,9.322167183982513e-05,0.5,H,H,Win,45,53,,97,0.0016779900931168522,0.0008389950465584261,0.5,H,H,Win,48,50,,97,0.0016779900931168522,0.0008389950465584261,0.5,H,H,Win,48,50,,97,0.04530573251415501,0.022652866257077506,0.5,H,H,Win,50,48,
98,9.322167183982513e-05,4.661083591991256e-05,0.4,H,T,Lose,44,55,,98,1.8348821668232782,0.9174410834116391,0.5,H,T,Lose,50,49,,98,0.0008389950465584261,0.00041949752327921305,0.4,H,T,Lose,44,55,,98,3.4526545125861156e-06,1.7263272562930578e-06,0.4,H,H,Win,42,57,,98,0.0025169851396752785,0.0012584925698376393,0.5,H,H,Win,49,50,,98,16.513939501409503,8.256969750704751,0.5,H,T,Lose,53,46,,98,0.00027966501551947537,0.00013983250775973768,0.5,H,T,Lose,45,54,,98,0.0025169851396752785,0.0012584925698376393,0.5,H,H,Win,49,50,,98,0.0025169851396752785,0.0012584925698376393,0.5,H,T,Lose,48,51,,98,0.06795859877123252,0.03397929938561626,0.5,H,H,Win,51,48,
99,4.661083591991256e-05,2.330541795995628e-05,0.5,H,H,Win,45,55,,99,0.9174410834116391,0.45872054170581955,0.5,H,H,Win,51,49,,99,0.00041949752327921305,0.00020974876163960653,0.5,H,H,Win,45,55,,99,5.1789817688791734e-06,2.5894908844395867e-06,0.4,H,T,Lose,42,58,,99,0.0037754777095129178,0.0018877388547564589,0.5,H,H,Win,50,50,,99,8.256969750704751,4.128484875352376,0.5,H,T,Lose,53,47,,99,0.00013983250775973768,6.991625387986884e-05,0.5,H,H,Win,46,54,,99,0.0037754777095129178,0.0018877388547564589,0.5,H,T,Lose,49,51,,99,0.0012584925698376393,0.0006292462849188196,0.5,H,H,Win,49,51,,99,0.10193789815684878,0.05096894907842439,0.5,H,T,Lose,51,49,
100,6.991625387986884e-05,3.495812693993442e-05,0.4,H,T,Lose,45,56,,100,1.3761616251174587,0.6880808125587293,0.5,H,T,Lose,51,50,,100,0.0006292462849188196,0.0003146231424594098,0.5,H,H,Win,46,55,,100,2.5894908844395867e-06,1.2947454422197934e-06,0.4,H,H,Win,43,58,,100,0.0056632165642693764,0.0028316082821346882,0.5,H,H,Win,51,50,,100,4.128484875352376,2.064242437676188,0.5,H,H,Win,54,47,,100,0.00020974876163960653,0.00010487438081980326,0.5,H,T,Lose,46,55,,100,0.0018877388547564589,0.0009438694273782294,0.5,H,T,Lose,49,52,,100,0.0018877388547564589,0.0009438694273782294,0.5,H,H,Win,50,51,,100,0.05096894907842439,0.025484474539212196,0.5,H,H,Win,52,49,
Lose,,,,,,,,,55.0,,,,,,,,,,46.0,,,,,,,,,,52.0,,,,,,,,,,57.0,,,,,,,,,,50.0,,,,,,,,,,44.0,,,,,,,,,,54.0,,,,,,,,,,52.0,,,,,,,,,,51.0,,,,,,,,,,48.0
Win,,,,,,,,,46.0,,,,,,,,,,55.0,,,,,,,,,,49.0,,,,,,,,,,44.0,,,,,,,,,,51.0,,,,,,,,,,57.0,,,,,,,,,,47.0,,,,,,,,,,49.0,,,,,,,,,,50.0,,,,,,,,,,53.0
